{
	"position": [-0.688,-0.281,0.017,0.688,-0.281,0.017,0.688,0.562,0.017,-0.688,-0.281,0.017,0.688,0.562,0.017,-0.688,0.562,0.017],
	"uv": [0.00037,0.00102,0.99907,0.00102,0.99907,0.99963,0.00037,0.00102,0.99907,0.99963,0.00037,0.99963],
	"normal": [-0.0,-0.0,1.0,-0.0,-0.0,1.0,-0.0,-0.0,1.0,-0.0,-0.0,1.0,-0.0,-0.0,1.0,-0.0,-0.0,1.0]
}